NumberOfPlayers,DeadAgentVoted,DeadAgentAttacked,TeammateAttacked,IncorrectAction,WerewolfWins,VillagerWins,TotalTurns,TotalDays,TotalGames,GameTimeSeconds
55,0,0,0,54,1,0,41,20,1,1.984977
55,0,1,0,32,1,0,41,20,1,2.465975
55,0,0,0,52,1,0,37,18,1,2.769968
55,0,0,0,52,1,0,47,23,1,2.927969
55,0,0,0,61,1,0,39,19,1,2.82997
55,0,0,0,18,1,0,39,19,1,2.711974
55,0,0,0,38,1,0,43,21,1,2.83597
55,0,0,0,38,1,0,43,21,1,2.731975
55,0,0,0,42,1,0,51,25,1,3.204971
55,0,0,0,33,1,0,49,24,1,3.028971
55,0,0,0,79,1,0,39,19,1,3.046969
55,0,0,0,41,1,0,41,20,1,3.352966
55,0,0,0,28,1,0,49,24,1,2.771971
55,0,0,0,40,1,0,49,24,1,3.082971
55,0,0,0,53,1,0,39,19,1,2.88297
55,0,0,0,29,1,0,47,23,1,2.995973
55,0,0,0,37,1,0,47,23,1,3.853964
55,0,0,0,57,1,0,39,19,1,3.058968
55,0,0,0,46,1,0,47,23,1,3.760966
55,0,0,0,46,1,0,45,22,1,3.617966
55,0,0,0,39,1,0,41,20,1,3.171487
55,0,0,0,56,1,0,43,21,1,3.027971
55,0,0,0,64,1,0,41,20,1,3.19297
55,0,0,0,69,1,0,37,18,1,2.924974
55,0,0,0,52,1,0,39,19,1,3.329969
55,0,0,0,62,1,0,45,22,1,3.244969
55,0,0,0,45,1,0,43,21,1,3.075969
55,0,1,0,57,1,0,39,19,1,3.402969
55,0,0,0,68,1,0,41,20,1,3.425966
55,0,1,0,33,1,0,41,20,1,3.972961
55,0,0,0,43,1,0,54,27,1,3.913963
55,0,0,0,53,1,0,47,23,1,3.311967
55,0,0,0,51,1,0,43,21,1,3.437967
55,0,0,0,48,1,0,43,21,1,3.490961
55,0,0,0,63,1,0,41,20,1,2.945972
55,0,0,0,33,1,0,37,18,1,2.843973
55,0,0,0,72,1,0,41,20,1,3.706962
55,0,0,0,63,1,0,43,21,1,3.67548
55,0,0,0,59,1,0,37,18,1,3.312971
55,0,0,0,54,1,0,45,22,1,4.008959
55,0,0,0,42,1,0,43,21,1,3.232966
55,0,0,0,52,1,0,39,19,1,2.996971
55,0,0,0,74,1,0,43,21,1,3.427973
55,0,0,0,30,1,0,38,19,1,3.172968
55,0,1,0,35,1,0,39,19,1,2.886973
55,0,0,0,48,1,0,37,18,1,3.162968
55,0,0,0,25,1,0,39,19,1,2.744973
55,0,1,0,27,1,0,39,19,1,3.059973
55,0,0,0,64,1,0,40,20,1,3.256968
55,0,0,0,48,1,0,41,20,1,3.290485
55,0,0,0,41,1,0,40,20,1,3.226966
55,0,0,0,41,1,0,43,21,1,3.653969
55,0,0,0,55,1,0,43,21,1,3.368968
55,0,0,0,68,1,0,47,23,1,3.608962
55,0,0,0,44,1,0,37,18,1,3.516966
55,0,1,0,32,1,0,41,20,1,2.923974
55,0,0,0,58,1,0,41,20,1,3.571965
55,0,0,0,51,1,0,37,18,1,3.330481
55,0,0,0,40,1,0,39,19,1,2.838971
55,0,0,0,31,1,0,39,19,1,3.12897
55,0,0,0,27,1,0,39,19,1,3.224969
55,0,1,0,64,1,0,45,22,1,3.802962
55,0,0,0,59,1,0,51,25,1,2.923972
55,0,0,0,54,1,0,42,21,1,3.163971
55,0,0,0,53,1,0,39,19,1,3.410966
55,0,0,0,57,1,0,41,20,1,3.699964
55,0,0,0,47,1,0,41,20,1,2.905971
55,0,0,0,57,1,0,41,20,1,3.325967
55,0,1,0,50,1,0,41,20,1,3.806981
55,0,0,0,91,1,0,48,24,1,3.851963
55,0,0,0,46,1,0,50,25,1,3.00297
55,0,0,0,16,1,0,41,20,1,2.891973
55,0,1,0,34,1,0,43,21,1,3.091969
55,0,0,0,34,1,0,41,20,1,2.774972
55,0,0,0,40,1,0,43,21,1,2.842972
55,0,0,0,81,1,0,37,18,1,2.838972
55,0,0,0,50,1,0,43,21,1,2.865971
55,0,0,0,53,1,0,40,20,1,2.923972
55,0,0,0,24,1,0,39,19,1,2.862976
55,0,0,0,81,1,0,45,22,1,3.419965
55,0,0,0,53,1,0,43,21,1,2.868974
55,0,0,0,50,1,0,43,21,1,2.823972
55,0,0,0,70,1,0,41,20,1,3.026968
55,0,1,0,34,1,0,43,21,1,2.797972
55,0,0,0,83,1,0,39,19,1,2.810971
55,0,0,0,76,1,0,45,22,1,2.899974
55,0,0,0,49,1,0,37,18,1,2.917972
55,0,0,0,64,1,0,39,19,1,3.071973
55,0,0,0,38,1,0,41,20,1,2.829976
55,0,0,0,47,1,0,43,21,1,3.177971
55,0,0,0,68,1,0,40,20,1,3.204967
55,0,0,0,64,1,0,41,20,1,2.879972
55,0,0,0,61,1,0,41,20,1,3.34397
55,0,0,0,67,1,0,39,19,1,3.334965
55,0,0,0,42,1,0,39,19,1,3.418968
55,0,1,0,48,1,0,39,19,1,2.842977
55,0,0,0,35,1,0,47,23,1,2.998974
55,0,0,0,35,1,0,45,22,1,2.908977
55,0,1,0,41,1,0,43,21,1,2.799964
55,0,0,0,76,1,0,45,22,1,3.030975
55,0,0,0,57,1,0,41,20,1,2.980974
55,0,0,0,67,1,0,45,22,1,3.318973
55,0,0,0,40,1,0,40,20,1,3.359985
55,0,0,0,49,1,0,39,19,1,3.380971
55,0,0,0,46,1,0,41,20,1,3.167976
55,0,0,0,48,1,0,43,21,1,3.57697
55,0,0,0,53,1,0,37,18,1,2.991977
55,0,0,0,58,1,0,43,21,1,3.088974
55,0,0,0,38,1,0,41,20,1,3.249974
55,0,0,0,50,1,0,37,18,1,3.39997
55,0,0,0,65,1,0,39,19,1,3.375965
55,0,0,0,64,1,0,41,20,1,3.532972
55,0,0,0,44,1,0,41,20,1,3.357969
55,0,0,0,29,1,0,45,22,1,3.044973
55,0,0,0,73,1,0,43,21,1,2.996975
55,0,0,0,46,1,0,39,19,1,3.158977
55,0,0,0,70,1,0,45,22,1,3.619966
55,0,0,0,66,1,0,39,19,1,3.005974
55,0,2,0,47,1,0,51,25,1,3.771966
55,0,0,0,35,1,0,43,21,1,3.65397
55,0,0,0,31,1,0,37,18,1,3.581969
55,0,0,0,36,1,0,37,18,1,2.988976
55,0,0,0,79,1,0,37,18,1,3.062972
55,0,0,0,61,1,0,37,18,1,3.017974
55,0,0,0,22,1,0,37,18,1,3.343974
55,0,0,0,66,1,0,43,21,1,3.068972
55,0,0,0,32,1,0,38,19,1,3.090973
55,0,1,0,64,1,0,39,19,1,3.090975
55,0,0,0,58,1,0,51,25,1,3.363971
55,0,0,0,53,1,0,41,20,1,3.582967
55,0,0,0,16,1,0,37,18,1,3.094973
55,0,0,0,64,1,0,43,21,1,3.274972
55,0,0,0,38,1,0,43,21,1,2.911974
55,0,1,0,28,1,0,47,23,1,3.031971
55,0,0,0,40,1,0,45,22,1,2.812975
55,0,1,0,77,1,0,41,20,1,2.953972
55,0,0,0,60,1,0,43,21,1,2.950975
55,0,0,0,44,1,0,37,18,1,2.775981
55,0,0,0,35,1,0,43,21,1,3.417973
55,0,0,0,94,1,0,51,25,1,3.202967
55,0,0,0,47,1,0,39,19,1,2.751981
55,0,0,0,57,1,0,39,19,1,2.739964
55,0,0,0,48,1,0,37,18,1,2.864974
55,0,0,0,37,1,0,45,22,1,3.026975
55,0,0,0,76,1,0,37,18,1,3.054975
55,0,0,0,52,1,0,43,21,1,3.48997
55,0,0,0,55,1,0,41,20,1,3.374969
55,0,0,0,62,1,0,51,25,1,2.993975
55,0,0,0,40,1,0,45,22,1,2.950979
55,0,0,0,72,1,0,43,21,1,3.476973
55,0,0,0,54,1,0,39,19,1,3.040974
55,0,0,0,62,1,0,41,20,1,2.867977
55,0,0,0,54,1,0,39,19,1,2.935974
55,0,0,0,41,1,0,39,19,1,2.752975
55,0,0,0,50,1,0,41,20,1,2.874982
55,0,0,0,59,1,0,47,23,1,3.073974
55,0,1,0,46,1,0,43,21,1,3.120974
55,0,0,0,49,1,0,41,20,1,3.040974
55,0,0,0,32,1,0,41,20,1,2.703976
55,0,0,0,53,1,0,43,21,1,3.185972
55,0,0,0,72,1,0,50,25,1,2.958975
55,0,0,0,36,1,0,41,20,1,2.838975
55,0,0,0,73,1,0,39,19,1,2.698978
55,0,0,0,28,1,0,43,21,1,2.896976
55,0,0,0,41,1,0,47,23,1,3.412969
55,0,1,0,22,1,0,41,20,1,2.853975
55,0,0,0,41,1,0,45,22,1,2.950975
55,0,0,0,32,1,0,44,22,1,2.963972
55,0,1,0,40,1,0,41,20,1,3.172969
55,0,0,0,53,1,0,43,21,1,3.034974
55,0,0,0,65,1,0,43,21,1,3.564969
55,0,2,0,28,1,0,41,20,1,3.705968
55,0,0,0,50,1,0,37,18,1,3.06797
55,0,2,0,29,1,0,45,22,1,3.043974
55,0,0,0,86,1,0,47,23,1,2.953975
55,0,0,0,47,1,0,39,19,1,2.813978
55,0,0,0,37,1,0,39,19,1,2.759976
55,0,0,0,57,1,0,41,20,1,2.952975
55,0,0,0,60,1,0,49,24,1,2.978975
55,0,0,0,67,1,0,43,21,1,3.035974
55,0,0,0,34,1,0,42,21,1,2.934975
55,0,0,0,38,1,0,44,22,1,3.09997
55,0,0,0,61,1,0,44,22,1,3.177973
55,0,0,0,43,1,0,37,18,1,2.787975
55,0,0,0,45,1,0,44,22,1,2.993973
55,0,1,0,41,1,0,41,20,1,2.796967
55,0,0,0,55,1,0,39,19,1,2.874975
55,0,0,0,39,1,0,49,24,1,2.895976
55,0,0,0,62,1,0,43,21,1,3.148974
55,0,1,0,53,1,0,41,20,1,3.039978
55,0,1,0,30,1,0,45,22,1,3.377974
55,0,0,0,45,1,0,39,19,1,3.243975
55,0,0,0,77,1,0,49,24,1,3.233985
55,0,0,0,38,1,0,47,23,1,2.939977
55,0,0,0,41,1,0,41,20,1,2.998977
55,0,0,0,57,1,0,47,23,1,3.00098
55,0,0,0,37,1,0,39,19,1,3.191976
55,0,0,0,66,1,0,41,20,1,3.378977
55,0,0,0,70,1,0,43,21,1,3.374973
55,0,0,0,58,1,0,41,20,1,2.705977
55,0,0,0,63,1,0,37,18,1,2.828977
55,0,0,0,76,1,0,39,19,1,2.873975
55,0,0,0,47,1,0,49,24,1,3.086976
55,0,1,0,54,1,0,45,22,1,2.96097
55,0,2,0,62,1,0,49,24,1,3.119974
55,0,0,0,74,1,0,46,23,1,3.009979
55,0,0,0,36,1,0,37,18,1,2.826977
55,0,1,0,32,1,0,39,19,1,2.851977
55,0,0,0,102,1,0,45,22,1,3.540976
55,0,0,0,49,1,0,43,21,1,3.395972
55,0,0,0,44,1,0,39,19,1,2.739978
55,0,0,0,39,1,0,39,19,1,2.921979
55,0,0,0,35,1,0,39,19,1,3.332975
55,0,0,0,41,1,0,45,22,1,3.052974
55,0,0,0,38,1,0,39,19,1,2.90398
55,0,0,0,46,1,0,45,22,1,2.793975
55,0,0,0,62,1,0,45,22,1,3.284974
55,0,0,0,61,1,0,37,18,1,2.832979
55,0,0,0,46,1,0,45,22,1,3.091975
55,0,0,0,45,1,0,41,20,1,2.958978
55,0,1,0,59,1,0,43,21,1,3.105976
55,0,0,0,73,1,0,45,22,1,2.970974
55,0,0,0,63,1,0,47,23,1,3.350971
55,0,0,0,29,1,0,39,19,1,3.414974
55,0,0,0,49,1,0,39,19,1,3.223976
55,0,0,0,51,1,0,39,19,1,2.925978
55,0,0,0,60,1,0,45,22,1,2.834978
55,0,0,0,63,1,0,46,23,1,3.232897
55,0,0,0,71,1,0,37,18,1,2.867861
55,0,0,0,45,1,0,37,18,1,2.819863
55,0,0,0,52,1,0,37,18,1,2.833863
55,0,0,0,54,1,0,47,23,1,2.914857
55,0,0,0,38,1,0,43,21,1,3.233846
55,0,0,0,59,1,0,41,20,1,3.302838
55,0,0,0,69,1,0,39,19,1,2.86586
55,0,0,0,53,1,0,39,19,1,3.309841
55,0,0,0,41,1,0,39,19,1,2.768867
55,0,0,0,84,1,0,45,22,1,2.976856
55,0,0,0,55,1,0,45,22,1,3.021852
55,0,0,0,62,1,0,41,20,1,2.899861
55,0,0,0,61,1,0,45,22,1,2.71787
55,0,0,0,44,1,0,41,20,1,2.943857
55,0,2,0,53,1,0,45,22,1,3.267842
55,0,0,0,59,1,0,49,24,1,3.08685
55,0,0,0,35,1,0,39,19,1,2.870859
55,0,0,0,31,1,0,45,22,1,2.661869
55,0,0,0,59,1,0,40,20,1,2.909858
55,0,3,0,31,1,0,43,21,1,3.012854
55,0,0,0,69,1,0,41,20,1,3.496831
55,0,0,0,41,0,1,51,25,1,3.695824
55,0,0,0,54,1,0,40,20,1,3.206845
55,0,0,0,52,1,0,41,20,1,3.102849
55,0,0,0,68,1,0,45,22,1,3.013852
55,0,0,0,56,1,0,43,21,1,3.56083
55,0,0,0,68,1,0,41,20,1,3.277843
55,0,0,0,60,1,0,43,21,1,2.904858
55,0,1,0,47,1,0,45,22,1,2.88986
55,0,2,0,56,1,0,37,18,1,3.098848
55,0,0,0,18,1,0,39,19,1,2.920858
55,0,0,0,29,1,0,43,21,1,2.885861
55,0,0,0,29,1,0,43,21,1,2.959858
55,0,0,0,45,1,0,37,18,1,2.96185
55,0,0,0,77,1,0,39,19,1,2.835865
55,0,0,0,48,1,0,41,20,1,2.931854
55,0,3,0,31,1,0,43,21,1,2.919859
55,0,0,0,53,1,0,39,19,1,2.888855
55,0,1,0,46,1,0,42,21,1,2.80386
55,0,1,0,57,1,0,45,22,1,3.126848
55,0,0,0,42,1,0,39,19,1,3.13285
55,0,0,0,59,1,0,43,21,1,2.917859
55,0,0,0,35,1,0,37,18,1,2.711869
55,0,0,0,71,1,0,44,22,1,3.067852
55,0,0,0,37,1,0,37,18,1,3.039851
55,0,0,0,40,1,0,41,20,1,2.764868
55,0,3,0,29,1,0,43,21,1,3.542828
55,0,1,0,54,1,0,41,20,1,3.512828
55,0,0,0,53,1,0,47,23,1,3.523826
55,0,1,0,30,1,0,41,20,1,2.972855
55,0,1,0,54,1,0,37,18,1,2.81086
55,0,1,0,35,1,0,37,18,1,2.859864
55,0,1,0,36,1,0,45,22,1,2.863861
55,0,0,0,45,1,0,39,19,1,2.807867
55,0,0,0,34,1,0,41,20,1,2.900858
55,0,0,0,76,1,0,49,24,1,2.882862
55,0,0,0,47,1,0,42,21,1,3.042851
55,0,0,0,35,1,0,43,21,1,2.936857
55,0,0,0,62,1,0,39,19,1,2.899861
55,0,0,0,58,1,0,42,21,1,3.369836
55,0,2,0,49,1,0,37,18,1,2.793865
55,0,1,0,27,1,0,39,19,1,2.733867
55,0,0,0,48,1,0,37,18,1,2.693867
55,0,0,0,73,1,0,39,19,1,2.774864
55,0,0,0,50,1,0,47,23,1,3.029855
55,0,0,0,62,1,0,43,21,1,2.848861
55,0,0,0,40,1,0,41,20,1,3.090848
55,0,0,0,59,1,0,39,19,1,3.334837
55,0,0,0,52,1,0,41,20,1,3.247841
55,0,0,0,48,1,0,45,22,1,3.131847
55,0,0,0,48,1,0,46,23,1,3.444833
55,0,1,0,57,0,1,53,26,1,3.212843
55,0,0,0,46,1,0,39,19,1,3.117847
55,0,3,0,26,1,0,45,22,1,3.452826
55,0,0,0,70,1,0,47,23,1,3.489831
55,0,2,0,43,1,0,41,20,1,3.053853
55,0,0,0,40,1,0,41,20,1,3.336838
55,0,3,0,33,1,0,41,20,1,2.875861
55,0,0,0,53,1,0,41,20,1,3.197846
55,0,0,0,73,1,0,41,20,1,2.855861
55,0,0,0,39,1,0,39,19,1,2.760867
55,0,1,0,21,1,0,41,20,1,2.968856
55,0,0,0,40,1,0,39,19,1,3.105849
55,0,0,0,67,1,0,43,21,1,2.862863
55,0,0,0,27,1,0,47,23,1,2.833861
55,0,0,0,63,1,0,37,18,1,2.992857
55,0,0,0,38,1,0,47,23,1,2.954858
55,0,0,0,61,1,0,41,20,1,3.124849
55,0,0,0,52,1,0,41,20,1,3.414835
55,0,0,0,30,1,0,39,19,1,2.850862
55,0,0,0,61,1,0,41,20,1,2.959859
55,0,0,0,54,1,0,37,18,1,2.86786
55,0,0,0,40,1,0,41,20,1,3.209843
55,0,0,0,51,1,0,47,23,1,2.823857
55,0,0,0,58,1,0,39,19,1,2.792879
55,0,0,0,60,1,0,39,19,1,2.748884
55,0,3,0,47,0,1,49,24,1,3.299863
55,0,0,0,61,1,0,39,19,1,2.887882
55,0,0,0,58,1,0,44,22,1,3.497855
55,0,0,0,52,1,0,37,18,1,3.445859
55,0,0,0,43,1,0,41,20,1,3.326858
55,0,2,0,39,1,0,43,21,1,3.027872
55,0,0,0,71,1,0,47,23,1,2.871879
55,0,0,0,56,1,0,47,23,1,3.035873
55,0,0,0,37,1,0,37,18,1,2.729886
55,0,1,0,49,1,0,41,20,1,2.799883
55,0,1,0,36,1,0,41,20,1,2.873886
55,0,0,0,52,1,0,39,19,1,2.89488
55,0,0,0,41,1,0,41,20,1,3.474856
55,0,0,0,53,1,0,43,21,1,3.32986
55,0,0,0,47,1,0,39,19,1,2.767886
55,0,0,0,40,1,0,44,22,1,3.076871
55,0,0,0,35,1,0,40,20,1,2.898878
55,0,0,0,57,1,0,39,19,1,2.722885
55,0,0,0,63,1,0,44,22,1,3.092872
55,0,0,0,47,1,0,44,22,1,2.983875
55,0,0,0,50,1,0,43,21,1,2.855881
55,0,0,0,36,1,0,45,22,1,2.988876
55,0,0,0,49,1,0,37,18,1,3.153869
55,0,0,0,42,1,0,39,19,1,2.781884
55,0,0,0,28,1,0,39,19,1,2.775885
55,0,0,0,55,1,0,40,20,1,2.822885
55,0,0,0,58,1,0,39,19,1,2.958877
55,0,0,0,21,1,0,43,21,1,2.946877
55,0,0,0,67,1,0,39,19,1,3.036873
55,0,0,0,59,1,0,39,19,1,3.464855
55,0,0,0,54,1,0,39,19,1,3.217862
55,0,0,0,45,1,0,43,21,1,2.945874
55,0,1,0,80,1,0,45,22,1,3.15287
55,0,0,0,46,1,0,43,21,1,3.207866
55,0,0,0,53,1,0,45,22,1,3.323858
55,0,0,0,89,1,0,44,22,1,3.078872
55,0,0,0,49,1,0,39,19,1,2.798882
55,0,0,0,72,1,0,41,20,1,2.922877
55,0,0,0,66,1,0,39,19,1,2.952874
55,0,0,0,61,1,0,44,22,1,3.259868
55,0,0,0,64,1,0,40,20,1,2.976871
55,0,0,0,39,1,0,39,19,1,3.326862
55,0,0,0,29,1,0,43,21,1,2.822884
55,0,1,0,44,1,0,43,21,1,2.999876
55,0,1,0,48,1,0,41,20,1,2.864882
55,0,0,0,51,1,0,37,18,1,2.847879
55,0,0,0,51,1,0,41,20,1,2.785883
55,0,0,0,110,0,1,53,26,1,3.094873
55,0,0,0,30,1,0,41,20,1,3.241865
55,0,0,0,82,1,0,47,23,1,2.854879
55,0,0,0,24,1,0,43,21,1,3.011875
55,0,1,0,43,1,0,45,22,1,3.054874
55,0,1,0,41,1,0,41,20,1,3.017876
55,0,0,0,32,1,0,43,21,1,2.966877
55,0,0,0,68,1,0,41,20,1,3.582848
55,0,0,0,72,1,0,37,18,1,3.647848
55,0,0,0,83,1,0,43,21,1,3.305864
55,0,0,0,62,1,0,37,18,1,2.721873
55,0,0,0,54,1,0,41,20,1,2.923877
55,0,0,0,60,1,0,39,19,1,2.846878
55,0,0,0,50,1,0,38,19,1,2.773885
55,0,3,0,38,1,0,43,21,1,3.231867
55,0,0,0,67,1,0,39,19,1,2.905877
55,0,0,0,33,1,0,39,19,1,2.660891
55,0,0,0,47,1,0,39,19,1,2.814883
55,0,0,0,53,1,0,45,22,1,3.007873
55,0,0,0,33,0,1,53,26,1,3.10387
55,0,0,0,49,1,0,41,20,1,3.152868
55,0,0,0,56,1,0,41,20,1,2.830881
55,0,2,0,37,1,0,53,26,1,3.058875
55,0,0,0,67,1,0,39,19,1,2.853878
55,0,0,0,45,1,0,39,19,1,2.877881
55,0,0,0,67,1,0,38,19,1,2.908878
55,0,0,0,73,1,0,53,26,1,2.981874
55,0,0,0,67,1,0,41,20,1,3.075873
55,0,0,0,42,1,0,37,18,1,3.395858
55,0,0,0,56,1,0,41,20,1,3.12887
55,0,0,0,50,1,0,39,19,1,2.792883
55,0,0,0,56,1,0,41,20,1,3.10087
55,0,0,0,63,1,0,50,25,1,3.026872
55,0,0,0,63,1,0,41,20,1,3.259864
55,0,0,0,51,1,0,43,21,1,3.611849
55,0,0,0,50,1,0,45,22,1,3.33586
55,0,0,0,71,1,0,43,21,1,2.890876
55,0,1,0,81,0,1,49,24,1,2.984879
55,0,0,0,52,1,0,43,21,1,2.889879
55,0,0,0,70,1,0,45,22,1,2.974877
55,0,0,0,20,1,0,41,20,1,2.848884
55,0,0,0,63,1,0,41,20,1,2.923877
55,0,0,0,34,1,0,43,21,1,2.971877
55,0,0,0,60,1,0,45,22,1,2.809887
55,0,1,0,39,1,0,41,20,1,3.018875
55,0,0,0,93,1,0,43,21,1,3.039875
55,0,0,0,80,1,0,41,20,1,2.984879
55,0,0,0,88,1,0,46,23,1,3.171884
55,0,0,0,41,1,0,39,19,1,2.810897
55,0,0,0,68,1,0,39,19,1,3.071889
55,0,0,0,66,1,0,53,26,1,3.250882
55,0,0,0,52,1,0,39,19,1,2.7879
55,0,0,0,45,1,0,41,20,1,3.253883
55,0,0,0,65,1,0,37,18,1,3.37188
55,0,0,0,25,1,0,40,20,1,2.8029
55,0,0,0,37,1,0,39,19,1,2.730904
55,0,0,0,64,1,0,41,20,1,2.825904
55,0,0,0,44,1,0,45,22,1,3.175887
55,0,0,0,66,1,0,41,20,1,2.917891
55,0,0,0,45,1,0,37,18,1,3.060879
55,0,0,0,65,1,0,41,20,1,3.32889
55,0,0,0,38,1,0,43,21,1,3.327878
55,0,0,0,65,1,0,47,23,1,2.917894
55,0,0,0,50,1,0,43,21,1,3.125888
55,0,0,0,66,1,0,41,20,1,2.788901
55,0,0,0,47,1,0,41,20,1,2.860889
55,0,0,0,45,1,0,41,20,1,2.905895
55,0,0,0,14,1,0,49,24,1,2.762899
55,0,0,0,75,1,0,39,19,1,2.725902
55,0,0,0,39,1,0,43,21,1,3.056886
55,0,0,0,32,1,0,39,19,1,3.347881
55,0,0,0,68,1,0,43,21,1,3.18489
55,0,0,0,77,1,0,39,19,1,3.295884
55,0,1,0,56,1,0,39,19,1,3.071892
55,0,1,0,52,1,0,39,19,1,2.968892
55,0,4,0,31,1,0,41,20,1,2.787901
55,0,0,0,34,1,0,45,22,1,2.885896
55,0,0,0,72,1,0,37,18,1,2.781897
55,0,0,0,63,1,0,41,20,1,2.808898
55,0,0,0,25,1,0,39,19,1,3.288881
55,0,1,0,48,1,0,46,23,1,2.954893
55,0,0,0,64,1,0,43,21,1,2.938894
55,0,0,0,41,1,0,44,22,1,2.908898
55,0,0,0,57,1,0,41,20,1,3.286884
55,0,0,0,55,1,0,45,22,1,3.063891
55,0,0,0,58,1,0,41,20,1,3.278881
55,0,0,0,88,1,0,39,19,1,3.478873
55,0,0,0,65,1,0,39,19,1,3.05689
55,0,0,0,44,1,0,43,21,1,2.984891
55,0,0,0,63,1,0,37,18,1,2.971896
55,0,0,0,58,1,0,39,19,1,2.947893
55,0,0,0,80,1,0,41,20,1,3.399879
55,0,0,0,53,1,0,39,19,1,2.639902
55,0,0,0,64,1,0,43,21,1,3.054891
55,0,0,0,52,1,0,37,18,1,2.813899
55,0,0,0,50,1,0,41,20,1,2.876895
55,0,1,0,42,1,0,45,22,1,3.089886
55,0,0,0,61,1,0,48,24,1,3.042892
55,0,0,0,49,1,0,45,22,1,3.059891
55,0,0,0,52,1,0,39,19,1,2.820901
55,0,0,0,47,1,0,39,19,1,2.788898
55,0,0,0,58,1,0,39,19,1,2.7889
55,0,0,0,74,1,0,44,22,1,3.178885
55,0,0,0,48,1,0,43,21,1,3.108888
55,0,0,0,49,1,0,41,20,1,2.719903
55,0,0,0,57,1,0,41,20,1,3.281882
55,0,0,0,53,1,0,43,21,1,2.851898
55,0,0,0,35,1,0,39,19,1,2.742901
55,0,0,0,31,1,0,42,21,1,2.830899
55,0,0,0,62,1,0,43,21,1,3.096891
55,0,0,0,56,1,0,37,18,1,2.816899
55,0,0,0,41,1,0,41,20,1,3.406877
55,0,0,0,63,1,0,43,21,1,3.84786
55,0,0,0,33,1,0,44,22,1,3.816864
55,0,0,0,68,1,0,41,20,1,2.857896
55,0,3,0,55,1,0,51,25,1,3.154888
55,0,0,0,47,1,0,43,21,1,3.030893
55,0,0,0,39,1,0,49,24,1,3.073895
55,0,0,0,54,1,0,39,19,1,2.661905
55,0,0,0,47,1,0,39,19,1,2.735903
55,0,0,0,40,1,0,43,21,1,2.7689
55,0,0,0,62,1,0,39,19,1,3.001892
55,0,0,0,60,1,0,41,20,1,2.853896
55,0,0,0,51,1,0,45,22,1,3.153891
55,0,0,0,77,1,0,53,26,1,3.267882
55,0,0,0,68,1,0,39,19,1,2.711902
55,0,0,0,38,1,0,38,19,1,2.737904
55,0,0,0,42,1,0,39,19,1,2.869895
55,0,0,0,89,1,0,47,23,1,3.006894
55,0,0,0,28,1,0,45,22,1,2.740902
55,0,0,0,67,1,0,45,22,1,2.8419
55,0,0,0,67,1,0,41,20,1,3.123888
55,0,0,0,37,1,0,41,20,1,3.101889
55,0,0,0,44,1,0,41,20,1,3.38188
55,0,0,0,40,1,0,37,18,1,2.604907
55,0,0,0,35,1,0,43,21,1,3.014891
55,0,1,0,40,1,0,41,20,1,2.827899
55,0,0,0,39,1,0,47,23,1,3.160886
55,0,0,0,71,1,0,41,20,1,3.395878
55,0,0,0,29,1,0,41,20,1,3.388879
55,0,0,0,34,1,0,43,21,1,2.988891
55,0,0,0,53,1,0,37,18,1,2.790885
55,0,0,0,53,1,0,43,21,1,2.894904
55,0,0,0,58,1,0,45,22,1,3.109903
55,0,2,0,40,1,0,41,20,1,2.83991
55,0,0,0,62,1,0,39,19,1,2.800913
55,0,1,0,38,1,0,43,21,1,3.019907
55,0,0,0,77,1,0,43,21,1,2.93891
55,0,0,0,36,1,0,39,19,1,2.981904
55,0,0,0,48,1,0,43,21,1,3.056906
55,0,0,0,48,1,0,44,22,1,3.215897
55,0,0,0,58,1,0,41,20,1,2.721915
55,0,0,0,45,1,0,45,22,1,2.903908
55,0,0,0,48,1,0,48,24,1,3.479891
55,0,0,0,20,1,0,39,19,1,3.141902
55,0,3,0,46,1,0,47,23,1,2.825911
55,0,0,0,43,1,0,43,21,1,2.832914
55,0,0,0,55,1,0,39,19,1,3.221902
55,0,0,0,60,1,0,41,20,1,2.820912
55,0,0,0,23,1,0,41,20,1,2.781918
55,0,0,0,45,1,0,39,19,1,2.811912
55,0,0,0,73,1,0,51,25,1,3.138902
55,0,0,0,35,1,0,43,21,1,3.028904
55,0,1,0,19,1,0,39,19,1,3.387896
55,0,0,0,41,1,0,41,20,1,3.374895
55,0,0,0,55,1,0,41,20,1,3.974876
55,0,0,0,75,1,0,45,22,1,4.106871
55,0,0,0,42,1,0,39,19,1,3.372894
55,0,0,0,71,1,0,50,25,1,3.618888
55,0,0,0,64,1,0,45,22,1,3.172909
55,0,0,0,42,1,0,37,18,1,3.147901
55,0,0,0,55,1,0,43,21,1,3.249895
55,0,0,0,13,1,0,37,18,1,2.674917
55,0,1,0,59,1,0,41,20,1,3.225903
55,0,0,0,66,1,0,43,21,1,3.464893
55,0,0,0,47,1,0,37,18,1,3.199901
55,0,0,0,60,1,0,39,19,1,2.756917
55,0,0,0,65,1,0,43,21,1,2.879909
55,0,0,0,51,1,0,41,20,1,2.855917
55,0,0,0,57,1,0,43,21,1,2.975907
55,0,0,0,25,1,0,37,18,1,2.538922
55,0,0,0,90,1,0,44,22,1,3.315897
55,0,0,0,35,1,0,41,20,1,2.939929
55,0,0,0,62,1,0,45,22,1,2.977907
55,0,0,0,47,1,0,41,20,1,2.853913
55,0,0,0,36,1,0,37,18,1,2.708917
55,0,0,0,75,1,0,45,22,1,2.890911
55,0,0,0,66,1,0,40,20,1,3.010906
55,0,0,0,53,1,0,43,21,1,3.058905
55,0,0,0,75,1,0,47,23,1,3.557889
55,0,0,0,47,1,0,39,19,1,3.326897
55,0,0,0,70,1,0,39,19,1,3.028906
55,0,0,0,57,1,0,41,20,1,2.911899
55,0,0,0,52,1,0,43,21,1,3.046905
55,0,0,0,39,1,0,41,20,1,3.229415
55,0,0,0,35,1,0,37,18,1,3.170901
55,0,0,0,47,1,0,39,19,1,2.934911
55,0,0,0,18,0,1,53,26,1,2.942906
55,0,0,0,30,1,0,44,22,1,2.992923
55,0,0,0,70,1,0,41,20,1,3.044906
55,0,0,0,28,1,0,41,20,1,3.010908
55,0,0,0,39,1,0,41,20,1,3.411893
55,0,0,0,42,1,0,39,19,1,2.748913
55,0,0,0,44,1,0,44,22,1,3.066906
55,0,0,0,73,1,0,49,24,1,3.2149
55,0,0,0,55,1,0,41,20,1,2.759917
55,0,0,0,70,1,0,39,19,1,2.818912
55,0,0,0,52,1,0,37,18,1,2.736913
55,0,0,0,65,1,0,41,20,1,3.243901
55,0,0,0,51,1,0,43,21,1,4.012874
55,0,0,0,34,1,0,46,23,1,3.158897
55,0,0,0,40,1,0,37,18,1,2.939917
55,0,0,0,39,1,0,41,20,1,3.3309
55,0,0,0,55,1,0,38,19,1,3.292896
55,0,1,0,36,1,0,41,20,1,3.167904
55,0,0,0,74,1,0,47,23,1,4.094872
55,0,0,0,31,1,0,52,26,1,3.967877
55,0,0,0,28,1,0,43,21,1,3.801881
55,0,0,0,32,1,0,49,24,1,3.445892
55,0,2,0,52,1,0,39,19,1,3.357895
55,0,0,0,45,1,0,39,19,1,3.399894
55,0,0,0,54,1,0,41,20,1,3.071903
55,0,0,0,62,1,0,39,19,1,2.846911
55,0,0,0,63,1,0,41,20,1,3.267896
55,0,0,0,65,1,0,38,19,1,2.98792
55,0,0,0,61,1,0,47,23,1,3.561892
55,0,0,0,49,1,0,41,20,1,3.423895
55,0,0,0,45,1,0,41,20,1,3.361896
55,0,0,0,41,1,0,37,18,1,3.422895
55,0,1,0,31,1,0,39,19,1,3.162901
55,0,0,0,56,1,0,41,20,1,2.72492
55,0,3,0,36,1,0,45,22,1,3.297895
55,0,1,0,53,1,0,41,20,1,3.1809
55,0,0,0,37,1,0,41,20,1,3.638872
55,0,0,0,26,1,0,43,21,1,3.444907
55,0,0,0,48,1,0,42,21,1,3.36791
55,0,0,0,56,1,0,41,20,1,3.571903
55,0,0,0,50,1,0,39,19,1,3.111915
55,0,0,0,89,1,0,43,21,1,3.202916
55,0,0,0,58,1,0,37,18,1,3.258911
55,0,0,0,36,1,0,47,23,1,3.895895
55,0,2,0,31,1,0,39,19,1,4.177889
55,0,1,0,26,1,0,41,20,1,4.292881
55,0,0,0,29,1,0,41,20,1,3.927894
55,0,0,0,31,1,0,49,24,1,3.433908
55,0,0,0,78,1,0,41,20,1,3.472908
55,0,0,0,53,1,0,43,21,1,3.143916
55,0,0,0,63,1,0,43,21,1,3.764898
55,0,0,0,42,1,0,39,19,1,3.436909
55,0,0,0,52,1,0,43,21,1,3.515904
55,0,0,0,89,1,0,51,25,1,3.699899
55,0,2,0,40,1,0,37,18,1,3.562905
55,0,0,0,56,1,0,49,24,1,3.777895
55,0,0,0,69,1,0,47,23,1,3.560903
55,0,0,0,46,1,0,38,19,1,2.993919
55,0,0,0,54,1,0,37,18,1,2.814926
55,0,0,0,51,1,0,41,20,1,3.315907
55,0,0,0,53,1,0,39,19,1,3.03392
55,0,0,0,48,1,0,41,20,1,3.139913
55,0,0,0,54,1,0,42,21,1,3.198916
55,0,0,0,72,1,0,49,24,1,3.6679
55,0,0,0,27,1,0,43,21,1,2.936915
55,0,0,0,58,1,0,39,19,1,3.104916
55,0,0,0,39,1,0,37,18,1,3.336911
55,0,0,0,60,1,0,41,20,1,3.6419
55,0,0,0,54,1,0,49,24,1,3.847413
55,0,0,0,56,1,0,42,21,1,4.014894
55,0,0,0,51,1,0,43,21,1,3.8299
55,0,0,0,44,1,0,39,19,1,3.096921
55,0,0,0,62,1,0,39,19,1,3.191913
55,0,0,0,60,1,0,45,22,1,3.837898
55,0,0,0,64,1,0,39,19,1,3.421906
55,0,0,0,33,1,0,37,18,1,3.024919
55,0,0,0,45,1,0,39,19,1,2.979922
55,0,0,0,21,1,0,39,19,1,3.164917
55,0,0,0,62,1,0,39,19,1,2.981919
55,0,0,0,52,1,0,43,21,1,3.111915
55,0,0,0,73,1,0,51,25,1,3.356911
55,0,0,0,62,1,0,37,18,1,3.127927
55,0,0,0,55,1,0,39,19,1,3.187913
55,0,0,0,53,1,0,47,23,1,3.456908
55,0,0,0,31,1,0,37,18,1,3.34091
55,0,0,0,56,1,0,43,21,1,3.907894
55,0,0,0,51,1,0,43,21,1,3.276912
55,0,0,0,61,1,0,41,20,1,3.485907
55,0,0,0,29,1,0,43,21,1,3.489905
55,0,0,0,66,1,0,49,24,1,4.033892
55,0,0,0,68,1,0,41,20,1,3.802905
55,0,0,0,73,1,0,53,26,1,4.793866
55,0,0,0,25,1,0,41,20,1,3.937892
55,0,0,0,34,1,0,43,21,1,3.445906
55,0,0,0,59,1,0,45,22,1,3.756896
55,0,0,0,94,1,0,49,24,1,5.56285
55,0,0,0,28,1,0,43,21,1,6.044839
55,0,0,0,49,1,0,43,21,1,5.540854
55,0,0,0,44,1,0,43,21,1,4.837871
55,0,0,0,47,1,0,39,19,1,4.349883
55,0,0,0,44,1,0,37,18,1,4.417881
55,0,3,0,43,1,0,39,19,1,4.613874
55,0,0,0,37,1,0,41,20,1,4.286884
55,0,0,0,31,1,0,39,19,1,4.321886
55,0,0,0,56,1,0,39,19,1,4.480878
55,0,0,0,42,1,0,43,21,1,4.908868
55,0,0,0,76,1,0,41,20,1,4.560874
55,0,0,0,44,1,0,37,18,1,4.050891
55,0,0,0,69,1,0,39,19,1,4.358884
55,0,0,0,46,1,0,37,18,1,4.313883
55,0,0,0,52,1,0,41,20,1,4.39488
55,0,0,0,42,1,0,37,18,1,4.038892
55,0,0,0,61,1,0,39,19,1,4.042891
55,0,0,0,11,1,0,37,18,1,3.949893
55,0,1,0,39,1,0,43,21,1,4.539888
55,0,0,0,25,1,0,37,18,1,4.128902
55,0,0,0,35,1,0,39,19,1,3.976906
55,0,0,0,70,1,0,41,20,1,4.461891
55,0,0,0,41,1,0,47,23,1,4.899887
55,0,0,0,33,1,0,47,23,1,4.938885
55,0,0,0,54,1,0,39,19,1,4.593894
55,0,0,0,76,1,0,42,21,1,4.69989
55,0,0,0,72,1,0,39,19,1,4.386897
55,0,0,0,71,1,0,41,20,1,4.410897
55,0,0,0,43,1,0,41,20,1,4.1999
55,0,0,0,44,1,0,39,19,1,4.668891
55,0,0,0,27,1,0,37,18,1,4.623409
55,0,0,0,71,1,0,45,22,1,4.724888
55,0,0,0,68,1,0,41,20,1,4.483895
55,0,0,0,55,1,0,45,22,1,4.430897
55,0,0,0,34,1,0,37,18,1,4.144902
55,0,0,0,67,1,0,37,18,1,4.355896
55,0,0,0,66,1,0,37,18,1,4.473897
55,0,0,0,36,1,0,37,18,1,4.191901
55,0,0,0,75,1,0,45,22,1,4.594893
55,0,0,0,43,1,0,47,23,1,4.537896
55,0,0,0,39,1,0,43,21,1,4.431897
55,0,0,0,46,1,0,39,19,1,4.411895
55,0,0,0,45,1,0,39,19,1,4.2339
55,0,0,0,39,1,0,43,21,1,4.430903
55,0,0,0,52,1,0,42,21,1,4.525895
55,0,0,0,91,1,0,40,20,1,4.498895
55,0,0,0,58,1,0,41,20,1,4.889886
55,0,0,0,53,1,0,40,20,1,4.524894
55,0,0,0,84,1,0,43,21,1,4.475893
55,0,0,0,59,1,0,39,19,1,4.277899
55,0,0,0,62,1,0,43,21,1,4.166887
55,0,3,0,36,1,0,37,18,1,3.946908
55,0,0,0,63,1,0,43,21,1,4.198904
55,0,0,0,24,1,0,39,19,1,4.176903
55,0,0,0,53,1,0,39,19,1,4.241901
55,0,0,0,42,1,0,37,18,1,4.074913
55,0,2,0,61,1,0,45,22,1,4.576891
55,0,0,0,82,1,0,47,23,1,4.869883
55,0,0,0,66,1,0,41,20,1,4.6279
55,0,0,0,61,1,0,43,21,1,4.408898
55,0,0,0,57,1,0,39,19,1,4.82689
55,0,0,0,72,1,0,40,20,1,4.973883
55,0,0,0,57,1,0,39,19,1,4.516894
55,0,1,0,45,1,0,41,20,1,4.871886
55,0,0,0,48,1,0,43,21,1,4.817889
55,0,0,0,60,1,0,47,23,1,4.495893
55,0,0,0,34,1,0,41,20,1,4.382896
55,0,0,0,68,1,0,44,22,1,4.531893
55,0,0,0,40,1,0,39,19,1,4.614898
55,0,0,0,50,1,0,41,20,1,4.460895
55,0,0,0,39,1,0,39,19,1,4.509892
55,0,0,0,40,1,0,43,21,1,4.518894
55,0,0,0,37,1,0,37,18,1,4.66689
55,0,0,0,67,1,0,40,20,1,4.748887
55,0,0,0,60,1,0,41,20,1,4.486896
55,0,0,0,51,1,0,39,19,1,4.273904
55,0,0,0,67,1,0,41,20,1,4.408895
55,0,0,0,56,1,0,43,21,1,4.619893
55,0,0,0,44,1,0,43,21,1,4.320898
55,0,0,0,37,1,0,39,19,1,3.88791
55,0,0,0,36,1,0,41,20,1,3.499921
55,0,0,0,56,1,0,43,21,1,4.077906
55,0,0,0,59,1,0,43,21,1,3.977903
55,0,0,0,47,1,0,44,22,1,3.238923
55,0,0,0,82,1,0,45,22,1,4.094913
55,0,1,0,30,1,0,37,18,1,3.684924
55,0,0,0,37,1,0,41,20,1,3.125936
55,0,0,0,71,1,0,41,20,1,3.002943
55,0,0,0,59,1,0,41,20,1,3.166936
55,0,0,0,70,1,0,39,19,1,3.081939
55,0,0,0,47,1,0,41,20,1,3.510927
55,0,0,0,69,1,0,39,19,1,3.044934
55,0,2,0,48,1,0,51,25,1,3.756922
55,0,0,0,79,1,0,43,21,1,4.156914
55,0,0,0,31,1,0,41,20,1,3.424929
55,0,0,0,48,1,0,39,19,1,3.727924
55,0,0,0,42,1,0,45,22,1,3.552928
55,0,0,0,64,1,0,43,21,1,3.35593
55,0,0,0,36,1,0,37,18,1,2.969934
55,0,0,0,69,1,0,39,19,1,3.923955
55,0,0,0,27,1,0,49,24,1,3.838922
55,0,2,0,27,1,0,39,19,1,3.292947
55,0,0,0,53,1,0,37,18,1,3.412929
55,0,0,0,25,1,0,39,19,1,2.938941
55,0,0,0,25,1,0,43,21,1,3.199935
55,0,2,0,64,1,0,39,19,1,3.079939
55,0,0,0,55,1,0,47,23,1,3.574929
55,0,0,0,69,1,0,41,20,1,3.784924
55,0,0,0,46,1,0,42,21,1,3.45193
55,0,0,0,48,1,0,43,21,1,2.987938
55,0,0,0,55,1,0,39,19,1,3.102936
55,0,0,0,28,1,0,43,21,1,3.226932
55,0,0,0,55,1,0,45,22,1,3.147935
55,0,0,0,28,1,0,39,19,1,3.01794
55,0,0,0,58,1,0,39,19,1,2.931937
55,0,0,0,83,1,0,37,18,1,3.181934
55,0,0,0,60,0,1,53,26,1,3.393931
55,0,0,0,67,1,0,37,18,1,2.917942
55,0,0,0,42,1,0,41,20,1,3.009939
55,0,0,0,36,1,0,41,20,1,3.638906
55,0,0,0,47,1,0,46,23,1,3.442933
55,0,0,0,63,1,0,43,21,1,3.086936
55,0,0,0,55,1,0,47,23,1,2.990938
55,0,0,0,30,1,0,39,19,1,3.112938
55,0,0,0,60,1,0,39,19,1,3.052944
55,0,1,0,30,1,0,39,19,1,2.989938
55,0,0,0,58,1,0,51,25,1,3.103938
55,0,0,0,42,1,0,37,18,1,2.778941
55,0,0,0,81,1,0,43,21,1,3.400934
55,0,0,0,47,1,0,47,23,1,3.418543
55,0,0,0,74,1,0,41,20,1,3.122454
55,0,0,0,57,1,0,41,20,1,3.044938
55,0,0,0,68,1,0,45,22,1,3.316937
55,0,0,0,42,1,0,41,20,1,3.528927
55,0,0,0,35,1,0,43,21,1,3.298931
55,0,0,0,33,1,0,39,19,1,3.243933
55,0,0,0,60,1,0,39,19,1,3.388931
55,0,1,0,26,1,0,41,20,1,3.559928
55,0,0,0,55,1,0,37,18,1,3.838922
55,0,0,0,70,1,0,49,24,1,4.108959
55,0,0,0,58,1,0,39,19,1,3.473929
55,0,1,0,33,1,0,40,20,1,3.648926
55,0,0,0,62,1,0,51,25,1,3.621927
55,0,0,0,55,1,0,40,20,1,3.197937
55,0,0,0,63,1,0,39,19,1,3.415931
55,0,0,0,48,1,0,41,20,1,3.329932
55,0,0,0,78,1,0,43,21,1,3.261934
55,0,0,0,45,1,0,43,21,1,3.270934
55,0,0,0,52,1,0,47,23,1,3.703956
55,0,0,0,37,1,0,41,20,1,3.178934
55,0,0,0,56,1,0,42,21,1,3.147935
55,0,0,0,49,1,0,41,20,1,3.467929
55,0,0,0,72,1,0,41,20,1,3.213936
55,0,0,0,56,1,0,41,20,1,3.024939
55,0,1,0,46,1,0,43,21,1,3.00194
55,0,0,0,42,1,0,41,20,1,3.267936
55,0,0,0,71,1,0,37,18,1,3.302933
55,0,0,0,53,1,0,40,20,1,3.71044
55,0,0,0,61,1,0,47,23,1,3.911922
55,0,0,0,43,1,0,37,18,1,3.708927
55,0,0,0,58,1,0,49,24,1,3.662928
55,0,0,0,73,1,0,37,18,1,2.891942
55,0,0,0,76,1,0,41,20,1,3.017939
55,0,0,0,26,1,0,39,19,1,3.021941
55,0,0,0,51,1,0,40,20,1,3.064936
55,0,0,0,27,1,0,41,20,1,2.970939
55,0,0,0,53,1,0,39,19,1,3.087938
55,0,0,0,17,1,0,41,20,1,3.284935
55,0,0,0,59,1,0,42,21,1,3.407928
55,0,1,0,45,1,0,45,22,1,3.437931
55,0,0,0,29,1,0,37,18,1,3.398929
55,0,0,0,30,1,0,40,20,1,3.058945
55,0,0,0,38,1,0,41,20,1,3.227943
55,0,0,0,41,1,0,41,20,1,3.214953
55,0,0,0,62,1,0,40,20,1,3.218946
55,0,0,0,65,1,0,39,19,1,3.262941
55,0,0,0,56,1,0,49,24,1,3.99445
55,0,0,0,81,1,0,43,21,1,3.768999
55,0,0,0,47,1,0,47,23,1,3.285936
55,0,0,0,59,1,0,37,18,1,3.540939
55,0,0,0,31,1,0,37,18,1,3.499938
55,0,0,0,50,1,0,41,20,1,3.547937
55,0,0,0,26,1,0,49,24,1,3.20194
55,0,0,0,57,1,0,41,20,1,3.849921
55,0,0,0,69,1,0,43,21,1,4.319923
55,0,0,0,38,1,0,43,21,1,3.722935
55,0,0,0,68,1,0,39,19,1,3.169934
55,0,0,0,46,1,0,49,24,1,3.393941
55,0,0,0,33,1,0,41,20,1,3.213943
55,0,0,0,45,1,0,41,20,1,3.524942
55,0,0,0,58,1,0,41,20,1,2.982943
55,0,1,0,30,1,0,39,19,1,2.967946
55,0,0,0,64,1,0,39,19,1,3.416939
55,0,0,0,60,1,0,40,20,1,3.237943
55,0,0,0,42,1,0,39,19,1,3.767935
55,0,0,0,68,1,0,43,21,1,3.816933
55,0,1,0,26,1,0,41,20,1,3.085459
55,0,0,0,62,1,0,41,20,1,3.079948
55,0,0,0,52,1,0,41,20,1,3.017945
55,0,0,0,21,1,0,40,20,1,3.311941
55,0,0,0,82,1,0,39,19,1,2.984945
55,0,0,0,61,1,0,41,20,1,3.552934
55,0,0,0,45,1,0,39,19,1,3.88993
55,0,1,0,64,1,0,43,21,1,3.382942
55,0,0,0,28,1,0,39,19,1,2.803948
55,0,0,0,35,1,0,38,19,1,3.157943
55,0,0,0,47,1,0,41,20,1,3.557942
55,0,0,0,60,1,0,47,23,1,3.009945
55,0,1,0,49,1,0,39,19,1,3.300944
55,0,0,0,58,1,0,43,21,1,3.86993
55,0,0,0,50,1,0,45,22,1,3.794935
55,0,0,0,53,1,0,47,23,1,3.509939
55,0,0,0,63,1,0,43,21,1,2.978946
55,0,0,0,39,1,0,37,18,1,3.513939
55,0,0,0,50,1,0,41,20,1,3.267942
55,0,0,0,35,1,0,41,20,1,3.532934
55,0,0,0,50,1,0,47,23,1,3.101943
55,0,0,0,34,1,0,45,22,1,3.117945
55,0,0,0,39,1,0,41,20,1,3.261942
55,0,0,0,56,1,0,39,19,1,3.355941
55,0,0,0,43,1,0,46,23,1,3.399934
55,0,0,0,51,1,0,47,23,1,3.692942
55,0,0,0,43,1,0,47,23,1,3.376942
55,0,0,0,60,1,0,40,20,1,3.133945
55,0,0,0,48,1,0,41,20,1,3.129943
55,0,0,0,40,1,0,39,19,1,3.101948
55,0,0,0,70,1,0,49,24,1,3.834931
55,0,0,0,46,1,0,41,20,1,3.314941
55,0,0,0,42,1,0,41,20,1,3.001946
55,0,0,0,42,1,0,37,18,1,2.939948
55,0,0,0,48,1,0,37,18,1,3.294941
55,0,0,0,61,1,0,39,19,1,3.258941
55,0,0,0,67,1,0,37,18,1,3.191947
55,0,0,0,82,1,0,41,20,1,3.869931
55,0,0,0,20,1,0,45,22,1,3.462942
55,0,0,0,43,1,0,45,22,1,3.547935
55,0,0,0,48,1,0,39,19,1,2.892947
55,0,0,0,41,1,0,45,22,1,3.269943
55,0,0,0,43,1,0,47,23,1,3.139944
55,0,0,0,60,1,0,45,22,1,2.808948
55,0,0,0,45,1,0,43,21,1,2.980949
55,0,0,0,46,1,0,45,22,1,3.007946
55,0,0,0,31,1,0,47,23,1,3.065944
55,0,0,0,65,1,0,39,19,1,3.222941
55,0,1,0,54,1,0,41,20,1,3.474936
55,0,0,0,68,1,0,41,20,1,3.248945
55,0,0,0,24,1,0,43,21,1,3.139945
55,0,0,0,51,1,0,41,20,1,2.947946
55,0,0,0,36,1,0,41,20,1,3.225943
55,0,0,0,63,1,0,43,21,1,3.288942
55,0,0,0,39,1,0,39,19,1,3.195945
55,0,0,0,66,1,0,51,25,1,3.145939
55,0,0,0,57,1,0,46,23,1,3.567934
55,0,1,0,60,1,0,40,20,1,3.288941
55,0,0,0,78,1,0,39,19,1,3.147945
55,0,0,0,43,1,0,47,23,1,3.896932
55,0,0,0,71,1,0,39,19,1,4.09493
55,0,0,0,53,1,0,47,23,1,3.520937
55,0,0,0,44,0,1,51,25,1,3.819941
55,0,0,0,24,1,0,47,23,1,4.134936
55,0,0,0,44,1,0,39,19,1,3.941486
55,0,0,0,72,1,0,37,18,1,3.20995
55,0,0,0,56,1,0,39,19,1,3.421945
55,0,0,0,71,1,0,45,22,1,3.658942
55,0,0,0,50,1,0,45,22,1,3.857941
55,0,0,0,51,1,0,43,21,1,3.453947
55,0,0,0,48,1,0,43,21,1,3.237947
55,0,0,0,43,1,0,41,20,1,4.200452
55,0,0,0,39,1,0,37,18,1,4.752927
55,0,0,0,28,1,0,39,19,1,4.46792
55,0,3,0,41,1,0,51,25,1,4.529929
55,0,0,0,70,1,0,48,24,1,4.59493
55,0,0,0,58,1,0,37,18,1,3.715943
55,0,0,0,54,1,0,43,21,1,3.373949
55,0,0,0,35,1,0,41,20,1,3.200951
55,0,0,0,63,1,0,39,19,1,3.159949
55,0,0,0,63,1,0,49,24,1,3.410946
55,0,0,0,48,1,0,43,21,1,3.422948
55,0,1,0,58,1,0,41,20,1,3.626941
55,0,0,0,59,1,0,41,20,1,3.634942
55,0,0,0,36,1,0,39,19,1,3.656943
55,0,0,0,54,1,0,39,19,1,3.995935
55,0,0,0,30,1,0,41,20,1,3.057953
55,0,0,0,51,1,0,53,26,1,3.621945
55,0,1,0,22,1,0,37,18,1,3.517946
55,0,0,0,68,1,0,51,25,1,3.65846
55,0,0,0,48,1,0,45,22,1,3.537943
55,0,0,0,48,1,0,45,22,1,3.578942
55,0,0,0,63,1,0,39,19,1,3.335948
55,0,0,0,57,1,0,45,22,1,3.212951
55,0,0,0,62,1,0,41,20,1,3.042953
55,0,0,0,58,1,0,41,20,1,3.129951
55,0,0,0,34,1,0,37,18,1,3.226947
55,0,0,0,57,1,0,43,21,1,3.21895
55,0,0,0,50,1,0,44,22,1,3.331944
55,0,0,0,45,1,0,39,19,1,3.410946
55,0,0,0,45,1,0,45,22,1,3.169949
55,0,0,0,44,1,0,41,20,1,3.090954
55,0,0,0,44,1,0,47,23,1,3.750464
55,0,0,0,36,1,0,43,21,1,3.506945
55,0,0,0,28,1,0,39,19,1,2.821958
55,0,0,0,40,1,0,43,21,1,3.49893
55,0,1,0,43,1,0,52,26,1,3.314948
55,0,2,0,44,1,0,42,21,1,2.986955
55,0,0,0,38,1,0,41,20,1,3.019953
55,0,0,0,58,1,0,45,22,1,3.732946
55,0,0,0,53,1,0,43,21,1,4.302932
55,0,0,0,52,1,0,39,19,1,2.934956
55,0,0,0,42,1,0,39,19,1,3.417958
55,0,1,0,39,1,0,39,19,1,3.637945
55,0,0,0,27,1,0,37,18,1,3.465947
55,0,0,0,56,1,0,45,22,1,3.174955
55,0,0,0,35,1,0,47,23,1,3.22395
55,0,1,0,30,1,0,41,20,1,2.882957
55,0,0,0,70,1,0,45,22,1,3.173948
55,0,0,0,70,1,0,39,19,1,2.998955
55,0,0,0,67,1,0,53,26,1,3.108952
55,0,0,0,39,1,0,37,18,1,2.984954
55,0,0,0,72,1,0,39,19,1,3.000949
55,0,0,0,62,1,0,39,19,1,2.996953
55,0,0,0,58,1,0,39,19,1,3.322949
55,0,1,0,57,1,0,43,21,1,3.138951
55,0,0,0,56,1,0,39,19,1,2.900961
55,0,0,0,29,1,0,43,21,1,3.014968
55,0,0,0,48,1,0,37,18,1,3.052957
55,0,0,0,24,1,0,37,18,1,3.516947
55,0,0,0,33,1,0,47,23,1,3.523949
55,0,0,0,39,1,0,39,19,1,3.497947
55,0,0,0,59,1,0,43,21,1,2.982954
55,0,0,0,77,1,0,47,23,1,3.368949
55,0,0,0,49,1,0,41,20,1,3.13095
55,0,0,0,47,1,0,41,20,1,3.344949
55,0,0,0,68,1,0,49,24,1,2.981955
55,0,0,0,45,1,0,39,19,1,3.425946
55,0,0,0,58,1,0,45,22,1,3.870941
55,0,0,0,71,1,0,39,19,1,3.436944
